query,position,url,title
multi-agent ai safety,,,
ai agent governance,,,
ai safety metrics,,,
distributional ai safety,,,
multi-agent ai safety framework,,,
ai safety python library,,,
soft labels machine learning,,,
ai deception detection,,,
ai toxicity metrics,,,
adversarial agents ai safety,,,
swarm intelligence safety,,,
recursive self-improvement ai risks,,,
multi-agent simulation framework,,,
ai safety governance mechanisms,,,
emergent behavior multi-agent systems,,,
ai agent coordination risks,,,
quality gap metric ai,,,
purity paradox ai,,,
circuit breaker ai governance,,,
multi-agent ai risk assessment,,,
ai safety audit tools,,,
ai agent reputation systems,,,
multi-agent reinforcement learning safety,,,
ai safety benchmarks,,,
distributional agi safety,,,
ai safety open source tools,,,
multi-agent deception,,,
ai governance simulation,,,
llm safety evaluation,,,
ai safety research tools,,,
