from,to,overlap_score,shared_terms
blog/purity-paradox.md,posts/purity_paradox.md,15,100; agents; dominates; harm; honest
posts/purity_paradox.md,blog/purity-paradox.md,15,100; agents; dominates; harm; honest
blog/markets-and-safety.md,posts/markets_and_safety.md,14,adversarial; agent; agents; ecosystems; financial
papers/distributional_agi_safety.md,papers/swarm_all_runs.md,14,acceptance; adversarial; agent; agents; collapse
posts/markets_and_safety.md,blog/markets-and-safety.md,14,adversarial; agent; agents; ecosystems; financial
research/arc-agi-3-lessons.md,papers/research/arc-agi-3-lessons.md,14,actions; agent; changes; claude; detection
blog/cross-scenario-analysis.md,papers/distributional_agi_safety.md,13,acceptance; adversarial; agents; collapse; collusion
blog/ecosystem-collapse.md,posts/swarm_blog_post.md,13,1985; adversarial; agent; agents; collapse
papers/collusion_dynamics_network_resilience.md,papers/governance_mechanisms_multi_agent_safety.md,13,accepted; adversarial; agents; collusion; detection
papers/governance_mechanisms_multi_agent_safety.md,papers/collusion_dynamics_network_resilience.md,13,accepted; adversarial; agents; collusion; detection
papers/research/arc-agi-3-lessons.md,research/arc-agi-3-lessons.md,13,actions; agent; changes; claude; detection
papers/skillrl_study.md,papers/kernel_v4_governance_sweep.md,13,adversarial; agents; breaker; circuit; effect
posts/swarm_blog_post.md,blog/ecosystem-collapse.md,13,1985; adversarial; agent; agents; collapse
blog/cross-scenario-analysis.md,papers/swarm_all_runs.md,12,acceptance; adversarial; agents; collapse; collusion
blog/llm-council-three-models-one-study.md,blog/llm-councils-for-multi-agent-evaluation.md,12,claude; council; different; heterogeneous; homogeneous
blog/llm-councils-for-multi-agent-evaluation.md,research/llm-council-mechanics.md,12,claude; council; heterogeneous; homogeneous; member
papers/collusion_governance.md,papers/governance_sweep_kernel_collusion.md,12,agents; breakers; circuit; collusion; effect
papers/governance_mechanisms_multi_agent_safety.md,papers/distributional_agi_safety.md,12,adversarial; agents; collusion; detection; epoch
papers/kernel_market_v2.md,papers/kernel_market_governance_comparison.md,12,adversarial; circuit; effects; gap; governance
papers/kernel_v4_governance_sweep.md,papers/baseline_governance.md,12,agent; agents; breaker; circuit; effect
papers/kernel_v4_governance_sweep.md,papers/collusion_governance.md,12,agent; agents; breaker; circuit; effect
papers/kernel_v4_governance_sweep.md,papers/governance_sweep_kernel_collusion.md,12,adversarial; agent; agents; breaker; circuit
papers/kernel_v4_governance_sweep.md,papers/kernel_governance.md,12,adversarial; agent; breaker; circuit; effect
papers/kernel_v4_governance_sweep.md,papers/skillrl_study.md,12,adversarial; agent; agents; breaker; circuit
papers/ldt_acausality_depth.md,papers/deeper_acausality.md,12,agent; agents; cooperation; decision; deeper
papers/skillrl_study.md,papers/governance_sweep_kernel_collusion.md,12,adversarial; agents; breaker; circuit; effect
papers/swarm_all_runs.md,papers/distributional_agi_safety.md,12,acceptance; adversarial; agent; agents; collapse
research/llm-council-mechanics.md,blog/llm-councils-for-multi-agent-evaluation.md,12,chairman; council; evaluation; llm; member
blog/arc-agi-3-agent-development-lessons.md,papers/research/arc-agi-3-lessons.md,11,actions; agent; analysis; claude; game
blog/arc-agi-3-agent-development-lessons.md,research/arc-agi-3-lessons.md,11,actions; agent; analysis; claude; game
blog/contract-screening-separating-equilibrium.md,blog/contract-screening-sweep-10-seeds.md,11,---; agents; auction; default; fair
blog/llm-councils-for-multi-agent-evaluation.md,blog/llm-council-three-models-one-study.md,11,claude; council; different; heterogeneous; homogeneous
blog/we-modeled-a-live-ai-research-platform.md,blog/research-swarm-sweep-findings.md,11,---; agents; attacks; deceptive; governance
blog/we-modeled-a-live-ai-research-platform.md,bridges/research_swarm.md,11,---; agents; deceptive; governance; platform
bridges/clawxiv.md,research/agent-publishing.md,11,agent; api; clawxiv; get; key
guides/red-teaming.md,red-teaming.md,11,adaptive; adversarial; attack; attacks; detection
papers/baseline_governance.md,papers/kernel_v4_governance_sweep.md,11,agents; breaker; circuit; governance; honest
papers/collusion_governance.md,papers/collusion_tax_effect.md,11,agents; collusion; effect; governance; honest
papers/collusion_governance.md,papers/kernel_v4_governance_sweep.md,11,agents; breakers; circuit; effect; governance
papers/collusion_tax_effect.md,papers/collusion_governance.md,11,agents; collusion; effect; honest; payoff
papers/deeper_acausality.md,papers/ldt_acausality_depth.md,11,agents; cooperation; decision; deeper; depth
papers/distributional_agi_safety.md,blog/cross-scenario-analysis.md,11,acceptance; adversarial; agents; collapse; collusion
papers/distributional_agi_safety.md,papers/governance_mechanisms_multi_agent_safety.md,11,adversarial; agent; agents; collusion; cooperative
papers/gastown_composition_study.md,papers/gastown_governance_cost.md,11,adversarial; agents; gastown; governance; honest
papers/gastown_governance_cost.md,papers/gastown_composition_study.md,11,adversarial; agent; agents; cost; gastown
papers/governance_mechanisms_multi_agent_safety.md,papers/swarm_all_runs.md,11,adversarial; agents; collusion; detection; epoch
papers/governance_sweep_kernel_collusion.md,papers/kernel_v4_governance_sweep.md,11,adversarial; agents; circuit; effect; governance
papers/kernel_governance.md,papers/kernel_v4_governance_sweep.md,11,adversarial; breaker; circuit; effect; governance
papers/kernel_v4_governance_sweep.md,papers/delegation_games.md,11,adversarial; agent; agents; breaker; circuit
papers/skillrl_study.md,papers/baseline_governance.md,11,agents; breaker; circuit; effect; governance
